{
  "animation_speed": 250,
  "curve_points": [
    [
      0.359375,
      0.14036098
    ],
    [
      0.54296875,
      0.31641224
    ]
  ]
}
